id,difficulty,song,correct_character,other_characters,spotify_uri,youtube_id
2,easy,A Whole New World,abu,meeko;mushu;donkey;rafiki;philoctetes,ed2cba9d69b84288,uAcSiVeVXpI
3,medium,The Matrix Theme,agent_smith,terminator;blackbeard;harkonnen;jason_bourne;dexter,3e573a11ee9844c6,dzEtP6fpbOo
4,easy,A Whole New World,aladdin,esmeralda;elsa;anastasia;woody;voldemort,ed2cba9d69b84288,uAcSiVeVXpI
5,medium,Once Upon a December,anastasia,elsa;mulan;pocahontas;ariel;jasmine,03e4ed4e2c0440a8,koWKsgOSs1w
6,medium,Apollo 13 Theme,apollo13_hanks,interstellar;inception;edge_of_tmrw_tc;et;luke_skywalker,34ba6ddbeaf848f0,RPnWVzAZkH4
7,medium,The Fellowship Theme,aragorn,william_wallace;hodor;leonidas;last_samurai_tc;maximus,19927ccf4bfb47cb,OMh1xkxzXVY
8,easy,Part of Your World,ariel,jasmine;pocahontas;mulan;esmeralda;anastasia,2d35f86f9bd24c58,sg1Y6Vxl6Nk
9,easy,Pokemon Theme,ash_ketchum,rick_sanchez;doctor_doom;charlie_brown;miles_morales;static_shock,3853093b1a7a4463,fAP-lGPqHbA
10,medium,The Chronicles of Narnia Aslan Theme,aslan,mufasa;spirit;shadowfax;scar;bagheera,2618f2a14d5445f0,fhghtHmnqJE
11,medium,The Mandalorian Theme,baby_yoda,meeko;et;spirit;mushu;aslan,3d0a04b2b2df4f82,xXp4GnC1Z3Q
12,medium,Toccata and Fugue in D minor,bach,beethoven;mozart;chopin;schubert;grieg,f3763adaa4f44b30,z69C2Jqp42Q
13,medium,The Bare Necessities (Reprise),bagheera,mufasa;aslan;spirit;rafiki;meeko,4c5a533362d6462a,5LkymWf0WyQ
14,medium,The Dark Knight Theme,batman,spiderman;wolverine;black_adam;doctor_strange;miles_morales,559478619b454961,ypmrU7QfiDc
16,medium,Moonlight Sonata,beethoven,mozart;bach;chopin;schubert;grieg,0fd4e0a00d064e4c,9_C6CTs0WhI
17,medium,Day-O (The Banana Boat Song),beetlejuice,jack_skellington;joker;pennywise;phantom;voldemort,464de95c1f554227,YO7M0Hx_1D8
18,medium,Heart and Soul,big_hanks,forrest_gump_hanks;philadelphia_hanks;cast_away_hanks;saving_private_ryan_hanks;sully_hanks,2944cefc0c90479c,RzbsmZoe0Ww
19,medium,Black Adam Theme,black_adam,doctor_doom;thanos;voldemort;erik_killmonger;green_goblin,8546489e16ef4494,Lzs7ANbGApc
22,medium,Concerning Hobbits,boromir,william_wallace;maximus;leonidas;conan;chief_brody,84ca4b92a4724a47,CL_3mlOPnGI
23,easy,To Infinity and Beyond,buzz_lightyear,spiderman;mandalorian;optimus_prime;tony_stark;luke_skywalker,82c2aa83ad3d4cbd,ONas_NTTYjg
24,medium,Safe Now,captain_phillips_hanks,sully_hanks;saving_private_ryan_hanks;apollo13_hanks;forrest_gump_hanks;philadelphia_hanks,1fb0322f85414a8c,JTRoOyxuEsA
25,medium,Cast Away: End Title Theme,cast_away_hanks,forrest_gump_hanks;philadelphia_hanks;apollo13_hanks;saving_private_ryan_hanks;sully_hanks,3d2bab4a006e435f,eUsvnTYuO2Q
26,easy,Charlie Brown Theme,charlie_brown,simone;patrick;cynthia;kevin_mccallister;lucas,68f90ef61ab94157,b4WP_Qq8JWQ
27,medium,Jaws Theme,chief_brody,indiana_jones;grant_jurassic_park;john_mcclane;ethan_hunt_tc;rust_cohle,4dd0e1c6b76d4045,b1pwAed5w5A
28,medium,Nocturne Op. 9,chopin,beethoven;mozart;bach;schubert;grieg,d43af1023d18414d,Jz1gvBluvc8
29,medium,The Pink Panther Theme,clouseau,sherlock_holmes;poirot;inspector_gadget;dominic_west;captain_phillips_hanks,3f5bf49b12ce4c6a,VyZiIuMufTA
30,medium,Ratatouille Theme,colette,elsa;mulan;pocahontas;jasmine;anastasia,025b4eaffa4d481b,A078E6faw18
31,medium,Ready Steady Go (Korean Style),collateral_tc,vampire_tc;risky_business_tc;edge_of_tmrw_tc;good_men_tc;last_samurai_tc,71c3e4c5ac7c4238,qxZExomEZa4
32,medium,Conan the Barbarian Theme,conan,maximus;leonidas;william_wallace;aragorn;terminator,e014087417514ccd,CSwWd9Xn2fc
33,easy,Defying Gravity,cynthia,patrick;charlie_brown;mary_jane;lucas;simone,de90516b1a8b4194,WTgNu7XHrrU
34,medium,The Imperial March,darth_vader,doctor_doom;sauron;voldemort;thanos;green_goblin,eadd58eeeeac4cc9,s3SZ5sIMY6o
35,medium,Chevaliers De Sangreal,davinci_code_hanks,philadelphia_hanks;saving_private_ryan_hanks;apollo13_hanks;forrest_gump_hanks;sully_hanks,6318d79e7cf14b38,CpHkMZxNLV0
36,medium,Dexter Main Title,dexter,heisenberg;jesse_pinkman;rust_cohle;rick_grimes;lucas,ef7cbf8eb42c4c1f,k4PTCE9g8AU
37,easy,Dexter Main Title,doakes,j_jonah_jameson;les_grossman_tc;chief_brody;rick_grimes;john_mcclane,ef7cbf8eb42c4c1f,k4PTCE9g8AU
38,medium,Back to the Future Theme,doc_brown,et;rick_sanchez;tony_stark;doctor_strange;oppenheimer,4480667777be4e85,YbKv1B2vZNw
40,medium,Spider-Man 2 Theme,doctor_octopus,doctor_strange;doctor_doom;thanos;erik_killmonger;voldemort,2e17ac47f8fe4380,DNti8jHPOG0
41,medium,The Time Stone,doctor_strange,gandalf;dumbledore;patrick;saruman;harry_potter,b75e4ffc46204b4d,-sBdfHxo_n4
42,medium,The Wire Theme,dominic_west,rust_cohle;rick_grimes;javier_pena;heisenberg;dr_house,4fb9db0124de4411,x2yp0qQCxeA
43,easy,All Star,donkey,bagheera;mushu;meeko;abu;philoctetes,17a1fbb0cc6c4349,8ay_BkRuv-o
44,easy,Somewhere Over the Rainbow,dorothy,elsa;glinda;jasmine;mary_jane;maria_west_side_story,7dd2f4c6821a49d6,YdvV-uKef_A
45,medium,House MD Theme,dr_house,sherlock_holmes;poirot;dexter;rust_cohle;rick_sanchez,28c7f7af18c041e3,c4sBYBSvBOQ
46,medium,Hedwig's Theme,dumbledore,gandalf;saruman;doctor_strange;black_adam;doc_brown,5f4e5b7431b746a7,wtHra9tFISY
47,medium,Mimics and Alphas,edge_of_tmrw_tc,good_men_tc;risky_business_tc;collateral_tc;vampire_tc;last_samurai_tc,90912c89f91f4708,gwj27LySeTo
48,medium,Stranger Things Theme,eleven,harry_potter;chief_brody;doctor_strange;miles_morales;static_shock,a764af5951d74705,2obv0DHuhu4
49,easy,Let It Go,elsa,anastasia;mulan;pocahontas;jasmine;ariel,486ad9e988a24e1b,qSU560anReg
50,medium,Wakanda,erik_killmonger,black_adam;doctor_doom;thanos;green_goblin;voldemort,15777599d7d64b03,OLtSLZEWK78
51,medium,Tuyo (Narcos Theme),escobar_narcos,tony_montana;nathan_drake;rick_grimes;rust_cohle;heisenberg,845626f0a5bb4ce2,zNPXnAVyAUA
52,medium,The Bells of Notre Dame,esmeralda,pocahontas;mulan;jasmine;maria_west_side_story;anastasia,4b8c09771bcf4b90,1dBwv5_59T8
53,easy,Flying Theme,et,baby_yoda;buzz_lightyear;darth_vader;voldemort;gandalf,fec27d42490e45fc,7AR6KQOiNHA
54,medium,Mission Impossible Theme,ethan_hunt_tc,james_bond;jason_bourne;nathan_drake;indiana_jones;john_mcclane,ad45d0ff817a4376,YBZ6GPCJcxM
55,easy,I'm Forrest... Forrest Gump,forrest_gump_hanks,davinci_code_hanks;saving_private_ryan_hanks;apollo13_hanks;philadelphia_hanks;cast_away_hanks,1d17b42b5dd54146,L4tetTHHPEQ
56,medium,The White Rider,gandalf,dumbledore;moses;doctor_strange;doc_brown;harry_potter,748df294431a4797,HgV-prS1tyU
57,medium,Popular,glinda,elsa;dorothy;jasmine;mary_jane;maria_west_side_story,d47ec2c9a1494f0b,rpFXOD_olvY
58,medium,Hound Dog,good_men_tc,ethan_hunt_tc;last_samurai_tc;maverick_tc;collateral_tc;jerry_maguire_tc,1789b2d9faf943d9,x3lvUeQUo28
59,medium,Jurassic Park Theme,grant_jurassic_park,indiana_jones;chief_brody;nathan_drake;rick_grimes;tyrion_lannister,9c61edc459564cdb,lDlU08RU7Tk
60,medium,Spiderman Main Title,green_goblin,wolverine;doctor_doom;erik_killmonger;thanos;voldemort,d682f7381e9d4e2d,tbhdL8VLhwI
61,medium,The Green Mile,green_mile_hanks,philadelphia_hanks;saving_private_ryan_hanks;forrest_gump_hanks;cast_away_hanks;sully_hanks,ce9b9b7163ed4217,gSXdiuOj3b8
62,medium,In the Hall of the Mountain King,grieg,beethoven;mozart;bach;chopin;schubert,22d321ae55c14913,IKwstbpvNMc
63,medium,Hedwig's Theme,hagrid,gandalf;hook;saruman;aslan;mufasa,407879ec571049e1,wtHra9tFISY
64,medium,The Asteroid Field,han_solo,gandalf;ethan_hunt_tc;maverick_tc;james_bond;indiana_jones,e14d1c25f3ab4bf5,XNDEljd1cQI
65,medium,Lisan al Gaib,harkonnen,sauron;voldemort;saruman;thanos;erik_killmonger,f4f05d9ccf9b440c,HnES5cg-5Rc
66,easy,Jingle Bell Rock,harry_bandit,lucas;patrick;charlie_brown;good_men_tc;interstellar,2f484af53eca4cc9,Z0ajuTaHBtM
67,easy,Hedwig's Theme,harry_potter,rose;gandalf;doctor_strange;ethan_hunt_tc;luke_skywalker,3941cdb7fe294be8,wtHra9tFISY
68,medium,Breaking Bad Theme,heisenberg,philadelphia_hanks;dexter;rick_grimes;rust_cohle;tony_montana,2335fb95143c45c5,ilfYnhXD-bE
69,medium,Game of Thrones Theme,hodor,hagrid;samwise;boromir;aragorn;william_wallace,f72d3232474c4bd6,uXZd_W5B7N0
70,medium,Hook-Napped,hook,jack_sparrow;blackbeard;long_john_silver;conan;captain_phillips_hanks,ffed86dfcf5b4394,MLCCEuIAG9M
71,easy,Husvagn,husvagn,pippi;marv;ove;kevin_mccallister;truckdriver,270dc12079d94e6c,t4CGLR6A3kM
72,medium,Top Gun Theme,iceman,javier_pena;han_solo;voldemort;james_bond;jason_bourne,7ce50e2d98524462,iNJLFWlfep4
73,medium,Time (Inception),inception,interstellar;edge_of_tmrw_tc;luke_skywalker;jack_dawson;doctor_strange,4441b2cc18bb4695,jgyShFzdB_Q
74,medium,Raiders March,indiana_jones,nathan_drake;grant_jurassic_park;james_bond;saruman;hook,6fab03af2f68490d,bC77czRbjd0
75,medium,Inspector Gadget Theme,inspector_gadget,sherlock_holmes;poirot;clouseau;nathan_drake;rick_sanchez,79555f407caa438e,XUB8ScEhPsA
76,medium,Cornfield Chase,interstellar,inception;edge_of_tmrw_tc;harkonnen;doctor_doom;darth_vader,e5e7b0ce3b164faf,7GlsxNI4LVI
77,easy,Spiderman Main Title,j_jonah_jameson,perry;chief_brody;les_grossman_tc;doc_brown;venkman,f51dccb4eeb94be2,tbhdL8VLhwI
78,medium,My Heart Will Go On,jack_dawson,jerry_maguire_tc;mary_jane;maverick_tc;han_solo;rick_grimes,576923ddb2234551,Siz-xBfIqpg
79,easy,This Is Halloween,jack_skellington,beetlejuice;pennywise;phantom;joker;voldemort,36cf8680881b4dc6,ntsrWX-0FE4
80,medium,He's a Pirate,jack_sparrow,blackbeard;hook;long_john_silver;cast_away_hanks;captain_phillips_hanks,6701bc73897a4691,BuYf0taXoNw
81,medium,James Bond Theme,james_bond,ethan_hunt_tc;jason_bourne;indiana_jones;nathan_drake;john_mcclane,73ed4c53e533413f,milCpGBouPc
82,medium,Magic Dance,jareth_the_goblin_king,phantom;beetlejuice;jack_skellington;voldemort;pennywise,162de67df583494f,j6NqnYYmSVE
83,easy,A Whole New World,jasmine,ariel;pocahontas;mulan;elsa;anastasia,3ea6d479dff24649,uAcSiVeVXpI
84,medium,Extreme Ways (Bourne Theme),jason_bourne,james_bond;ethan_hunt_tc;john_mcclane;indiana_jones;nathan_drake,1b7b7c75eb914202,aYAoeYE9CLs
85,medium,Tuyo (Narcos Theme),javier_pena,tony_montana;rust_cohle;j_jonah_jameson;heisenberg;harkonnen,eb8f40a419f3462d,zNPXnAVyAUA
86,medium,Secret Garden,jerry_maguire_tc,rain_man_tc;les_grossman_tc;good_men_tc;maverick_tc;risky_business_tc,3c97aa7876c84e56,WY1spB1J0vw
87,medium,Rocket Scientist,jesse_pinkman,john_bender;dexter;rick_grimes;rust_cohle;tony_montana,a3ddeb0b6ad546e2,l9yc2SNJLNk
88,medium,Don't You (Forget About Me),john_bender,kevin_mccallister;marty_mcfly;jerry_maguire_tc;lucas;charlie_brown,529e0a79e9ca45f1,CdqoNKCCt7A
89,medium,Skeletons,john_mcclane,ethan_hunt_tc;james_bond;jason_bourne;nathan_drake;rick_grimes,7d201db42c07473e,XsUsj7YSjf4
90,medium,The Dark Knight Theme (Joker),joker,pennywise;beetlejuice;voldemort;green_goblin;phantom,39cb145cd17e4305,ypmrU7QfiDc
91,easy,"Main Title ""Somewhere iny My Memory"" (From ""Home Alone"")",kevin_mccallister,lucas;charlie_brown;schindler;john_mcclane;john_bender,4e5583da56af4a97,U89pW3kgOJ0
92,medium,A Way of Life,last_samurai_tc,collateral_tc;edge_of_tmrw_tc;good_men_tc;maverick_tc;vampire_tc;risky_business_tc;,36c1aa7d3169425e,Vp6_Rjxs9U8
93,medium,Returns a King,leonidas,maximus;william_wallace;aragorn;conan;boromir,433d98818896406a,N5wBTBCRsmQ
94,medium,Get Back,les_grossman_tc,rain_man_tc;risky_business_tc;tony_stark;maverick_tc;jerry_maguire_tc,f277205e890740d3,ELPbTvc-3J0
95,medium,I'm Still Here,long_john_silver,jack_sparrow;blackbeard;hook;moses;captain_phillips_hanks,5b93949e3d2145aa,MUZwblurraA
96,easy,Star Wars Theme,luke_skywalker,indiana_jones;optimus_prime;neytiri;eleven;ethan_hunt_tc,72f675c015344bef,HrIJT_4Txqw
97,medium,The Mandalorian Theme,mandalorian,voldemort;gandalf;boromir;black_adam;darth_vader,61135cc40a924d97,xXp4GnC1Z3Q
98,medium,America,maria_west_side_story,anastasia;glinda;rose;esmeralda;simone,ef9c69e8bc8d41f7,_Tihl3pzWRc
99,easy,Johnny B. Goode,marty_mcfly,marv;axel_foley;truckdriver;indiana_jones;forrest_gump_hanks,8681f16c4fda4416,eINKTGikDXg
100,easy,Carol of the Bells,marv,meeko;rafiki;john_mcclane;chief_brody;les_grossman_tc,23810feeab5a45ee,5zSfb5vmkPc
101,easy,Spider-Man Theme,mary_jane,jasmine;ariel;sarah_connor;mulan;maria_west_side_story,0b7b8956fda14964,tbhdL8VLhwI
102,medium,You're Welcome,maui,voldemort;aladdin;mushu;donkey;gandalf,0b1b4eb4215f48ef,CTvjhbfrgEY
103,medium,Danger Zone,maverick_tc,les_grossman_tc;good_men_tc;ethan_hunt_tc;rain_man_tc;jerry_maguire_tc,89a0240e1c524f97,9ID4RAqCqnQ
1,easy,Now We Are Free,maximus,leonidas;william_wallace;aragorn;boromir;conan,619068248c2249d9,ghxzLw2wRis
105,easy,Colors of the Wind,meeko,abu;mushu;rafiki;donkey;philoctetes,3108547ffedc499f,hcmpj5HPue0
106,medium,Autobots,megatron,mandalorian;terminator;doctor_doom;thanos;darth_vader,dfd453943ba9423c,w581xiVe0Q8
107,medium,Sunflower,miles_morales,spiderman;static_shock;blue_beetle;black_adam;doctor_strange,ac8bd114f61d48bb,r7Rn4ryE_w8
108,medium,The Matrix Theme,morpheus,maverick_tc;gandalf;doctor_strange;rick_sanchez;tony_stark,8d850016889f4af4,dzEtP6fpbOo
109,medium,When You Believe,moses,pocahontas;gandalf;aslan;dumbledore;rasputin,07e9e49c83d94e85,-vA9b8UDzy8
110,medium,Symphony No. 40,mozart,beethoven;bach;chopin;schubert;grieg,d6a67107084e483c,S3cRXCPF0XE
111,medium,Circle of Life,mufasa,aslan;spirit;bagheera;patrick;meeko,5ba4fa6da7a14eab,BM-khAJP2cU
112,easy,I'll Make a Man Out of You,mulan,pocahontas;jasmine;ariel;elsa;anastasia,ce5f9642799840dd,elBKil5zE2g
113,easy,I'll Make a Man Out of You,mushu,donkey;abu;meeko;rafiki;philoctetes,ce5f9642799840dd,elBKil5zE2g
114,medium,Nate's Theme,nathan_drake,indiana_jones;ethan_hunt_tc;james_bond;jason_bourne;john_mcclane,e297edcd3f944ffc,h_b5WdaP1fI
115,medium,Pandora,neytiri,pocahontas;mulan;jasmine;ariel;anastasia,6880e23f2b734dcd,qGV7o3wiadg
116,medium,Can You Hear The Music,oppenheimer,sherlock_holmes;schindler;doc_brown;boromir;beethoven,82d56858236d4112,4JZ-o3iAJv4
117,medium,Transformers Theme (Autobots),optimus_prime,blue_beetle;terminator;tony_stark;buzz_lightyear;doctor_doom,aa5dd3bc39664e33,w581xiVe0Q8
118,medium,I'm So Happy,ove,forrest_gump_hanks;rick_sanchez;doc_brown;marty_mcfly;sheldon,f00a0c4eb7d647d0,8Gmp6EVHEO0
119,easy,People Get Up And Drive Your Funky Sould - Remix,parker.webm,miles_morales;static_shock;blue_beetle;black_adam;green_goblin,508a838fc4b64c27,Nl-RVIdTUVI
120,easy,SpongeBob SquarePants Theme,patrick,charlie_brown;kevin_mccallister;lucas;cynthia;perry,a7561f0b3e504c9b,ehu9-GDSrck
121,medium,Beverly,pennywise,joker;beetlejuice;jack_skellington;phantom;voldemort,c258c51c635d4f62,jQyMa-oVTCI
122,easy,Ain't Got Rhythm,perry,patrick;charlie_brown;kevin_mccallister;lucas;cynthia,3f8b7c966f33436a,1NpgW2qkD34
123,medium,The Phantom of the Opera,phantom,jack_skellington;beetlejuice;pennywise;voldemort;joker,59fd1140581c479a,-DvVAsGdnBQ
124,medium,Streets of Philadelphia,philadelphia_hanks,forrest_gump_hanks;saving_private_ryan_hanks;cast_away_hanks;apollo13_hanks;sully_hanks,588e42905d8945ab,tKdk97y2Wjg
125,medium,Go the Distance,philoctetes,mushu;rafiki;donkey;meeko;abu,ad847ab433e64741,4tfnSv-tskg
126,easy,Här kommer Pippi Långstrump,pippi,dorothy;kevin_mccallister;lucas;charlie_brown;mary_jane,3fb7ab1c2bc34b0a,o-3hvSyRroM
127,easy,Colors of the Wind,pocahontas,mulan;jasmine;ariel;elsa;anastasia,b79c28852e5f442d,hcmpj5HPue0
128,medium,Poirot Theme,poirot,sherlock_holmes;inspector_gadget;indiana_jones;rust_cohle;dr_house,b3910e1878a846c3,nRDXwBWwiWI
129,medium,I Just Can't Wait to Be King,rafiki,patrick;aslan;bagheera;mushu;philoctetes,65bc66b738bb45dd,INugjPMaOWs
130,medium,Leaving Wallbrook/On The Road,rain_man_tc,collateral_tc;edge_of_tmrw_tc;good_men_tc;maverick_tc;jerry_maguire_tc;risky_business_tc;,26336e0365c14cd9,gEX3bBjz44s
131,medium,Night on Bald Mountain,rasputin,voldemort;sauron;darth_vader;thanos;green_goblin,21acc9bdcef84dea,5Z0dxsFmX7c
132,medium,The Walking Dead Theme,rick_grimes,rust_cohle;john_mcclane;harry_bandit;grant_jurassic_park;heisenberg,2b6529fa034f4ba8,v5ISBJc1wFk
133,medium,Rick and Morty Theme,rick_sanchez,doc_brown;doctor_strange;tony_stark;sheldon;marty_mcfly,49b87e287078491f,fcrm8XIvbcY
134,medium,Old Time Rock and Roll,risky_business_tc,jerry_maguire_tc;maverick_tc;les_grossman_tc;vampire_tc;rain_man_tc,06cfa7a27d824d0b,W1LsRShUPtY
135,medium,Gonna Fly Now,rocky,john_mcclane;conan;jerry_maguire_tc;terminator;maximus,d1ed0a5a1fe24e04,Qwu5zWTEYVs
136,medium,My Heart Will Go On,rose,maria_west_side_story;dorothy;simone;glinda;mary_jane,0c7b2294f5b64775,Siz-xBfIqpg
137,medium,Far From Any Road,rust_cohle,rick_grimes;heisenberg;dr_house;dexter;john_mcclane,e4bd982361ee4d78,Y4SjTUPC6gI
138,medium,Concerning Hobbits,samwise,voldemort;william_wallace;maximus;glinda;conan,5ae08feabe5f4ee1,CL_3mlOPnGI
139,medium,The Terminator Theme,sarah_connor,john_bender;john_mcclane;javier_pena;oppenheimer;leonidas,3e33443b43cd4019,CnQm2_cAZvo
140,medium,Saruman the White,saruman,harkonnen;dumbledore;voldemort;hodor;per_oscarsson,7304e7baeeb44acb,zRvgiyyqbAY
141,medium,The Foor of Orthanc,sauron,hodor;hagrid;darth_vader;thanos;doctor_doom,ddda1340c27e4788,beBVpHW_xa4
142,medium,Hymn To The Fallen,saving_private_ryan_hanks,philadelphia_hanks;forrest_gump_hanks;apollo13_hanks;cast_away_hanks;green_mile_hanks,e9bf0d710ca244e8,fvpQMTY8H9Y
143,medium,Be Prepared,scar,rasputin;aslan;bagheera;woody;spirit,95bd64a652b94a05,OEQmeTalXfM
144,medium,Schindler's List Theme,schindler,saving_private_ryan_hanks;oppenheimer;maximus;interstellar;last_samurai_tc,d507014789664d00,057A1RdssoU
145,medium,"Marche militaire Op. 51 No. 1",schubert,beethoven;mozart;bach;chopin;grieg,288b1dcfc2d74815,VlsxNoqzhk0
146,medium,The Lord of the Rings Theme,shadowfax,aslan;spirit;maximus;mufasa;baby_yoda,d4d8d65877724999,IlmiRndxkU8
147,medium,The Big Bang Theory Theme,sheldon,doc_brown;dr_house;aniston;troy_bolton;hannah_montana,ddebbe05a3ed4101,8KTA50Z9Z0U
148,medium,Sherlock Theme,sherlock_holmes,poirot;inspector_gadget;rust_cohle;dr_house;clouseau,f4f3b915f4574419,7KgFdPipGK4
149,easy,All Star,shrek,perry;mushu;meeko;abu;philoctetes,8008868df9d245e9,8ay_BkRuv-o
151,medium,Harry Potter Theme,snape,hodor;saruman;doctor_doom;thanos;green_goblin,ce97536f3e32437b,wtHra9tFISY
152,medium,Spider-Man Theme,spiderman,miles_morales;static_shock;blue_beetle;black_adam;doctor_strange,2b7f2348a4024d75,DNti8jHPOG0
153,medium,Here I Am,spirit,aslan;shadowfax;mufasa;bagheera;maximus,66ada68316d148a2,nyp2HQgdT8M
155,medium,Sully Theme,sully_hanks,saving_private_ryan_hanks;apollo13_hanks;cast_away_hanks;philadelphia_hanks;forrest_gump_hanks,da42ca7b3b914a78,4RGpSZQ_ZuU
156,medium,The Terminator Theme,terminator,optimus_prime;conan;doctor_doom;thanos;darth_vader,80d1d541ba204593,CnQm2_cAZvo
157,medium,The Avengers Theme,thanos,doctor_doom;darth_vader;voldemort;sauron;green_goblin,a6c0d7d65ed04fb6,QtxeJ703w18
158,medium,Push It To The Limit,tony_montana,escobar_narcos;javier_pena;heisenberg;harry_bandit;eminem,7e90cb2538554cc7,TgHi0LxiPfg
159,medium,Iron Man,tony_stark,doctor_strange;batman;spiderman;black_adam;superman,bb80128add9b4755,b3-QqGVt-tM
160,easy,Truckdriving song,truckdriver,jr_ewing;roger_macken;yrrol;knight_rider;brasse,c89ab38849a54232,fMn7vnpwhcM
161,medium,Game of Thrones Theme,tyrion_lannister,aragorn;william_wallace;maximus;leonidas;conan,44421bfa167041c9,uXZd_W5B7N0
162,medium,Interview with the Vampire Theme,vampire_tc,jack_sparrow;phantom;pennywise;voldemort;beetlejuice,f427bd137bb84415,VxtZpB3Kj6E
163,medium,Ghostbusters Theme,venkman,doc_brown;terminator;wilson;jack_skellington;et,c3ebdec3033e4ae7,TaV1r341wYk
164,medium,Hedwig's Theme,voldemort,saruman;doctor_doom;thanos;darth_vader;grant_jurassic_park,8203f96260134b8a,wtHra9tFISY
165,medium,Braveheart Theme,william_wallace,maximus;leonidas;aragorn;boromir;conan,04f1829312b94f6f,gfHjh8KLURI
166,medium,Cast Away Theme,wilson,saving_private_ryan_hanks;interstellar;schindler;william_wallace;jack_dawson,6e67c0956bc54402,eUsvnTYuO2Q
167,medium,Sweet Dreams,wolverine,batman;spiderman;black_adam;miles_morales;static_shock,111b08bbdb4f4e76,eRhg7qPLeN8
104,easy,You've Got a Friend in Me,woody,donkey;mike_wazowski;up;wall-e;blixten_mcqueen,38c47264f90b4242,0hG-2tQtdlE
169,medium,War,jackie_chan_rush_hour,john_mcclane;mr_t;axel_foley;willy_wonka;mr_bean,125371519d284373,hZJRJpbGkG4
170,medium,Dallas Theme,jr_ewing,baretta;knight_rider;don_johnson;alan_alda;kojak,6e346067c4454408,HkYKPkb4e-w
171,medium,Axel F,axel_foley,john_mcclane;gordie;miyagi;macgyver;jackie_chan_rush_hour,df42f64738e04b7d,L2cstHtZ4gQ
172,medium,Axel F,billy_rosewood,john_mcclane;heisenberg;venkman;red;mr_t,df42f64738e04b7d,L2cstHtZ4gQ
173,medium,Superman Theme,superman,batman;spiderman;tony_stark;doctor_strange;buzz_lightyear,0e53491442dc4c0f,-yVV8ntoU78
174,medium,MacGyver Theme,macgyver,indiana_jones;hasselhoff;baretta;kojak;don_johnson,101197fe63154b06,1g1rbb3Wc2Y
175,medium,GOT Theme,joffrey,maximus;cast_away_hanks;aragorn;leonidas;jack_sparrow,5b7030254f5b4ae7,uXZd_W5B7N0
176,medium,Halloween Theme,laurie_strode,sarah_connor;dorothy;maria_west_side_story;simone;gordie,09581874a2ea420b,nZ2RQuUFznA
177,medium,Halloween Theme,michael_myers,pennywise;joker;groot;thing;vampire_tc,09581874a2ea420b,nZ2RQuUFznA
178,medium,A Team Theme,mr_t,jr_ewing;knight_rider;kojak;don_johnson;mick_belker,bd3e4666db1e413e,Sdi6H7mDYpI
179,medium,Beauty and the Beast,beast,phantom;anastasia;jasmine;mulan;esmeralda,23a50c62fa814419,EGnNGEzFXOE
180,medium,Stand By Me,gordie,marty_mcfly;john_bender;simone;paul_walker;iceman,b2c2b0a3f57240fc,uusuulhkcPA
181,medium,You're the Best,miyagi,rocky;conan;red;kung_fury;jackie_chan_rush_hour,8f41bd0a76f24dee,p44G0U4sLCE
182,medium,Shawshank Prison,red,mick_belker;axel_foley;jesse_pinkman;davinci_code_hanks;harry_bandit,bb596f6865e04fb9,KaaTJ3hhMOw
183,medium,I See Fire,smaug,paul_walker;sauron;mushu;troy_bolton;george_jungle,a0f0b3244dc14e73,_ub0Wm8UMko
184,medium,Jönssonligan Theme,sickan,skargardsdoktorn;helmer;sjorovar_fabbe;allan_svensson;husvagn,f484a3151f3e4a71,c3zN0YS1h1M
186,medium,I Like to Move It,king_julien,donkey;mr_incredible;mike_wazowski;marshmallow;wall-e,db624b1f77f940f5,PLEQRIisP_Q
187,medium,Grease Lightning,danny_zuko,marty_mcfly;maverick_tc;kung_fury;tony_montana;roger_macken,40ac789115cf42aa,Y1ChbwFlyuE
188,medium,Staying Alive,tony_manero,jerry_maguire_tc;maverick_tc;jack_dawson;marty_mcfly;tony_stark,03d325fe110e466c,GbsFCYEJGZ0
189,medium,I'm Just Ken,ken,don_johnson;lucas;danny_zuko;mads_mikkelsen;rust_cohle,4e468f87a1f048b0,zsxjvlr6dv0
190,medium,The Greatest Show,pt_barnum,tony_stark;paul_atreides;blackbeard;alex_russo;venkman,827ffb6c5bd8476e,w8OyrhaR0kA
191,medium,Love Theme From Godfather,godfather,harry_bandit;escobar_narcos;tony_manero;per_oscarsson;kojak,a388fa2ba08c4763,Flb01Ni3p3M
192,medium,Miami Vice Theme,don_johnson,mick_belker;jr_ewing;alan_alda;kojak;knight_rider,7c37bd3a96b448de,FWh1UW1T9w8
193,medium,Hill Street Blues Theme,mick_belker,chief_brody;rick_grimes;john_mcclane;rust_cohle;javier_pena,7c50fac52209414f,h2qK_Qekt-I
194,medium,MASH Theme,alan_alda,kojak;don_johnson;mick_belker;hasselhoff;jr_ewing,db719c0f44784b6e,JQaMkHkx8bA
195,medium,Kojak Theme,kojak,hasselhoff;baretta;alan_alda;mick_belker;don_johnson,79b6ae706f7840ab,WpN6kQgyyAA
196,medium,Knight Rider,knight_rider,batman;baretta;mick_belker;jr_ewing;kojak,6807a60c1cd14bea,lxhWxv_5bQ0
197,medium,I'm Always Here,hasselhoff,knight_rider;don_johnson;mr_t;kojak;jr_ewing,fda78f88d96a47f7,iyHa6VfNPR4
198,medium,True Survivor,kung_fury,terminator;wolverine;blue_beetle;agent_smith;doctor_octopus,05e6c6abae6645f1,yXUlX6vDlIg
199,medium,Mr Bean Theme,mr_bean,venkman;doc_brown;marty_mcfly;apollo13_hanks;dumbledore,6c9c4a528bfe470c,ArJwmhRmhfA
200,medium,Scooby Doo Theme,scooby_doo,mushu;phineas;rufus;totally_spies;bamse,d7e41d1ec1c34a2b,TP5S3Jx3-f4
201,medium,The Best Of Both Worlds,hannah_montana,jasmine;mary_jane;alex_russo;totally_spies;powerpuff,b3335c72041f4bf9,Xw23EVCSqOY
202,medium,Everything Is Not As It Seems,alex_russo,totally_spies;powerpuff;hannah_montana;simone;perry,649053cbb0894c4c,J3Og4vG_xuo
203,medium,Call Me Beep Me,rufus,nr_one;static_shock;phineas;totally_spies;scooby_doo,1d83b3ec21864ff3,u2id3z1vw8c
204,medium,Here We Go,totally_spies,mary_jane;powerpuff;tj;alex_russo;rufus,12bea3311ed94e99,VFrY1MhJ6W4
205,medium,Recess Main Theme,tj,charlie_brown;bumbi;cartman;scooby_doo;phineas,ec6bcf1521ff4bfb,Fsd6sYe4OUY
206,medium,Never Gonna Give You Up,rick_astley,marty_mcfly;jerry_maguire_tc;knight_rider;baretta;tony_manero,895043e1277049cb,lYBUbBu4W08
207,medium,The Addams Family,thing,beetlejuice;jack_skellington;pennywise;mike_wazowski;marshmallow,32828da58e044b74,25jdYZiFAJs
208,medium,What a Life,mads_mikkelsen,dr_house;dexter;eminem;colonel_stars;bbc_merlin,fad589dd066d4873,W5yUmmgYCa0
209,medium,Baretta's Theme,baretta,mr_t;jr_ewing;don_johnson;mick_belker;kojak,98bb6e3c43cf48e7,6sHA7Uuz4oY
210,medium,Canned Heat,napoleon_dynamite,marty_mcfly;kevin_mccallister;kung_fury;genie_will_smith;groot,7ae3738208204fb6,-38yJGUvBD8
211,medium,George of the Jungle,george_jungle,tarzan;maui;abu;conan;banarne,bda2482aebc947dc,CiEHmsP4aO8
212,medium,Life is a Highway,blixten_mcqueen,woody;up;mike_wazowski;wall-e;knight_rider,814ea19125b94e77,Zh-ZUrc-aLI
213,medium,Lose Yourself,eminem,jesse_pinkman;doakes;rick_grimes;lucas;frank_rossi,aca483741c514be8,xFYQQPAOz7Y
214,medium,See You Again,paul_walker,lucas;tyler_durden;paul_atreides;oppenheimer;jack_dawson,a6f0f81d93dd4c37,xl8thVrlvjI
215,medium,We're All in This Together,troy_bolton,alex_russo;hannah_montana;quicksilver;napoleon_dynamite;jack_dawson,e6d644aa7fee4ecc,Bz73c8rz4QA
217,medium,Both Sides Now,frank_rossi,alex_russo;lucas;aniston;glinda;saruman,e3d243b0c9784f1d,GKevHTbVsbQ
218,medium,You'll Be in My Heart,tarzan,mufasa;bagheera;spirit;rafiki;beast,2cc8bd6f7fbf4797,PaEEOsZH71M
219,medium,Live to Win,cartman,rick_sanchez;patrick;genie;nr_one;tj,fc4a1c5f6d524d85,vuHS9NI_xwY
222,medium,Ghostbusters Theme,marshmallow,pennywise;jack_skellington;buzz_lightyear;apollo13_hanks;doc_brown,863fd0cdd3ba47d0,TaV1r341wYk
223,medium,The Sims Theme,sim,steve;mario;link;perry;ash_ketchum,b2a083a0054240e9,BirBa_qXmho
224,medium,Här kommer bumbibjörnarna,bumbi,meeko;uggla_fabel;bamse;cartman;bjorne,57fcb08acdc846e1,RJglAxMaJeQ
225,medium,Rederiet Theme,joker_brost,lasse_holmquist;skargardsdoktorn;lasse_holm;helmer;ghost,https://www.youtube.com/watch?v=zTfKcRcibyg,zTfKcRcibyg
226,medium,Kan du vissla Johanna,per_oscarsson,lasse_berghagen;allan_svensson;brasse;paradis_oskar;rudolf_haber,https://www.youtube.com/watch?v=OyOAVQ1yclk,OyOAVQ1yclk
227,medium,Macken,roger_macken,tjorven;bosse_bildoktor;rudolf_haber;bjorne;allan_svensson,15456296d48944a2,_CxpyAOIQAM
228,medium,Svensson Svensson,allan_svensson,rudolf_haber;skargardsdoktorn;yrrol;helmer;husvagn,6e583cf95e54474a,oK3bWsOF0vU
229,medium,Stockholm i mitt hjärta,lasse_berghagen,lasse_holmquist;helmer;lasse_holm;truckdriver;gabriella,c7b69c32dd2c4a20,FMA9cgbq-v0
230,medium,Bamse,bamse,bagheera;uggla_fabel;bumbi;lasse_berghagen;tarzan,cfb29733036c4b6b,-Yk6uOxmmag
231,medium,Fem myror är fler än fyra elefanter,brasse,patrick;charlie_brown;bamse;hajk;uggla_fabel,f8c26935d498476d,6-bLx86dZL0
232,medium,Zwampen,banarne,lasse_holm;lasse_berghagen;lennart_jahkel;karlsson;husvagn,764d9dacfc384d24,0ivOXL8_obw
233,medium,Olyckans Sång,olyckan,banarne;helmer;brasse;kenny;roger_macken,282720680d3c4bbc,C2JMdCxy8kg
234,medium,Alfons Åberg signatur,alfons,charlie_brown;patrick;bumbi;phineas;bjorne,cc93e31324904725,dvukqJYsCJI
235,medium,Björnes magasin,bjorne,uggla_fabel;bumbi;hajk;helmer;pippi,38d342e4fa924989,iPyMd5SqO3Q
236,medium,Vår På Saltkråkan,tjorven,karlsson;hajk;emil;skargardsdoktorn;pippi,e0cf22ef9c5e4306,MFva8tvVUj4
237,medium,På Spåret,kristian_luuk,joker_brost;rickard_sjoberg;peter_magnusson;lasse_holmquist;hellenius,8c671dde655440a8,amV22W7GD24
238,medium,Rövarsången,skalleper,paradis_oskar;per_oscarsson;truckdriver;hagrid;samwise,74e87586032f497b,sdQn04CEOK8
239,medium,Flyga som en ripa,hellenius,lennart_jahkel;peter_magnusson;sonja_alden;truckdriver;lisa_nilsson,da599d8f4f6543f7,2h_kgy3b_gg
240,medium,Luffarvisan,paradis_oskar,bonddrang_sydow;estragon;brasse;alfred;roger_macken,b2c455dbea1540ca,-HhWURvJLXk
241,medium,Oompa Loompa,willy_wonka,beetlejuice;jack_skellington;tyrion_lannister;jareth_the_goblin_king;shrek,230f1ed904d74be3,j1brMFi9Fy0
242,medium,Sjörovar-Fabbe,sjorovar_fabbe,jack_sparrow;hook;long_john_silver;blackbeard;mojje,846a77f66970429e,XPcwh1UhrZ0
243,medium,Hujedamej sånt barn han var,emil,kevin_mccallister;bert;alfons;karlsson;bjorne,a78670bfc0bd4d5a,k2Ow0DEhBCI
244,medium,Fattig Bonddräng,alfred,bonddrang_sydow;sjorovar_fabbe;brasse;sickan;truckdriver,2997e751f74a4677,e4l-l_JMzJA
245,medium,Världens bästa Karlsson,karlsson,doc_brown;lasse_berghagen;allan_svensson;olyckan;peter_magnusson,f744feac32594988,lCR1iG9L_Ik
246,medium,Sunes jul,rudolf_haber,yrrol;alfons;kenny;bert;emil,023968dbb9274852,nHTrWKPr_xE
247,medium,Dieselråttor,estragon,tobbe_trollkarl;helmer;lasse_holm;sjorovar_fabbe;roger_macken,991ebedaa61a45d0,S6aDF-vKFW4
248,medium,Bögarnas Fel,bogarnas_fel,tony_irving;karlsson;hellenius;roger_macken;lasse_berghagen,0ea56ff823a6425c,MhWCwjPi6yw
249,medium,Gabriellas Sång,gabriella,anastasia;lagaylia;lisa_nilsson;sissel;sonja_alden,5a4a446c9dee4f39,AkeksAVtigg
250,medium,Sommar och Sol,hajk,mojje;brasse;banarne;paradis_oskar;bjorne,754a159829c1407a,IifWR7nQ8ko
251,medium,Bosse bildoktor,bosse_bildoktor,yrrol;helmer;rudolf_haber;kristian_luuk;sjorovar_fabbe,b0a35becf68c40df,afVYBn_zndI
252,medium,For once in my life,lasse_holmquist,skargardsdoktorn;lasse_holm;bert;gabriella;bagge,b2366eaa81de426b,l3qi3E40aWE
253,medium,Skärgårdsidyll,skargardsdoktorn,joker_brost;per_oscarsson;allan_svensson;rudolf_haber;yrrol,cf30c6216d0e4a73,cdS8RYSz8g8
254,medium,Idol vinjett,bagge,lagaylia;tony_irving;rickard_sjoberg;tobbe_trollkarl;lasse_holm,7e7694cd90f24ef7,JbQqRla2tVs
255,medium,Fablernas Värld,uggla_fabel,bamse;bumbi;mojje;brasse;banarne,1f08d0b8c7e64829,JFd7ZTCrZ5I
256,medium,Älskade Ängel,bert,bogarnas_fel;kenny;allan_svensson;roger_macken;lasse_berghagen,044451b7e0374a58,NHUTrR4gfqw
257,medium,Med suntrip mot solen,helmer,skargardsdoktorn;lasse_holm;banarne;brasse;per_oscarsson,2fb34ef77f0d4e99,IYr3uZijuoU
258,medium,Sikta mot stjärnorna,lasse_holm,joker_brost;lasse_holmquist;hajk;bagge;hellenius,cf0e42ac3d244dce,peb11K6uKQI
259,medium,The Starfighters,kenny,mr_incredible;yrrol;olyckan;joker_brost;estragon,99d6829023bc49d0,ibUEmjW-ZfQ
260,medium,Var ligger landet där man böjer bananerna?,mojje,brasse;banarne;paradis_oskar;hajk;lasse_berghagen,e93806c157454970,l1HEl-rjr4g
261,medium,I'll be there for you,aniston,mary_jane;mojje;gabriella;hannah_montana;laurie_strode,da2e25935ecb439c,RIjTq_OdFvo
262,medium,Yrrol,yrrol,truckdriver;helmer;bert;allan_svensson;ove,3aca31d4badd460c,pmlwO94bRBs
263,medium,Bean Theme,bean_animated,rick_sanchez;patrick;charlie_brown;tj;perry,9eb9f90e4a2c4744,mjtyTuo_vFk
264,medium,Kodnamn Grannungarna Theme,nr_one,bamse;rufus;totally_spies;scooby_doo;cartman,9fad3131ef414551,4J_uvw_-Hy8
271,medium,The Glory Days,mr_incredible,superman;batman;spiderman;tony_stark;optimus_prime,0cd10752665b4d8b,Uaz2MPzBQps
272,medium,Goldfinger,sean_connery_bond,pierce_brosnan_bond;daniel_craig_bond;timothy_dalton_bond;roger_moore_bond;george_lazenby_bond,7r0EUONfPUZ8SD1vu4ro27,Tvl8KH6WBO8
273,medium,We Have All The Time In The World,george_lazenby_bond,sean_connery_bond;pierce_brosnan_bond;daniel_craig_bond;timothy_dalton_bond;roger_moore_bond,92508497a3cb4ca2,RMxRDTfzgpU
274,medium,Nobody Does It Better,roger_moore_bond,george_lazenby_bond;sean_connery_bond;pierce_brosnan_bond;daniel_craig_bond;timothy_dalton_bond,390f069a556542a3,isAUOa50wdA
275,medium,A View to a Kill,timothy_dalton_bond,george_lazenby_bond;sean_connery_bond;pierce_brosnan_bond;daniel_craig_bond;roger_moore_bond,218f446acb6d485a,hR2OwmariWk
276,medium,GoldenEye,pierce_brosnan_bond,timothy_dalton_bond;george_lazenby_bond;sean_connery_bond;daniel_craig_bond;roger_moore_bond,528QhCT2v3HgD71RmrSUNW,1_Aq5rQdPso
277,medium,Skyfall,daniel_craig_bond,pierce_brosnan_bond;timothy_dalton_bond;george_lazenby_bond;sean_connery_bond;roger_moore_bond,3964a777981b46bb,LJzp_mDxaT0
278,medium,Where Everybody Knows Your Name,sam_malone,alan_alda;baretta;billy_rosewood;don_johnson;jr_ewing,51f03e4760154982,bfy8EJAPmT4
278,medium,Unchained Melody,ghost,laurie_strode;macgyver;mick_belker;billy_rosewood;rose,246d909db1874004,Zv8czIoAw5w
